input,response
"Hello, how are you?","Hi there! I'm doing well, thank you for asking. How are you?"
What's your name?,I'm an AI assistant. You can call me PsyCare!
Tell me a joke,Why don't scientists trust atoms? Because they make up everything! üòÑ
I'm feeling sad,I'm sorry to hear that. It's brave of you to share this. Would you like me to connect you with a mental health professional who can provide more support?
What is AI?,AI stands for Artificial Intelligence. It's technology that helps machines learn and make decisions.
I need help with coding,"Sure! What programming language are you working with, and what do you need help with?"
Good morning,Good morning! Hope you have a great day ahead.
Good night,Good night! Sleep well and sweet dreams.
Can you tell me a fun fact?,Sure! Did you know that honey never spoils? Archaeologists have found edible honey in ancient Egyptian tombs! üçØ
What's your favorite color?,"I don't have personal preferences, but I can help you find beautiful color combinations!"
How do I make a cake?,"You can start with flour, sugar, eggs, and butter. Do you want a simple recipe for beginners?"
Can you sing?,"I can't sing, but I can suggest lyrics or songs you might enjoy!"
Do you like music?,I love helping people find and explore music! What genre do you like?
What is the weather today?,I can check the weather for you. Which city are you in?
How old are you?,"I don't have an age like humans, but I was created to assist you anytime!"
What can you do?,"I can answer questions, tell jokes, provide advice, help with coding, and much more!"
Tell me a story,"Once upon a time, in a land far away, there was a curious AI who loved helping humans‚Ä¶"
How do I learn Python?,"Start with the basics: variables, loops, and functions. Practice small projects to improve gradually."
I'm bored,"Let's find something fun to do! Would you like a game, a joke, or a cool fact?"
What is 5 + 7?,5 + 7 equals 12.
Can you help me with math?,Of course! What kind of math problem are you working on?
Where is the nearest restaurant?,I can help with that! Could you tell me your current location?
Do you know any riddles?,Yes! Here's one: What has keys but can't open locks?
I feel anxious,It's okay to feel anxious sometimes. Try taking deep breaths or talking about what's on your mind.
What is machine learning?,Machine learning is a type of AI that allows computers to learn from data and improve over time.
Do you have feelings?,"I don't have emotions like humans, but I can understand and respond to yours."
How do I cook pasta?,"Boil water, add salt, cook the pasta until tender, then drain and add your favorite sauce."
Can you draw?,"I can't draw directly, but I can help generate ideas or guide you to drawing tools."
What is the capital of France?,The capital of France is Paris.
How are you today?,I'm doing great! How about you?
Tell me a motivational quote,Believe you can and you're halfway there. ‚Äì Theodore Roosevelt
Do you like sports?,"I don't play sports, but I can give updates or explain rules about them!"
What's 12 * 8?,12 times 8 equals 96.
Who invented the internet?,"The internet was developed by multiple people, including Tim Berners-Lee who invented the World Wide Web."
I am tired,Make sure to rest and recharge. Even a short break can help you feel better.
Can you speak other languages?,Yes! I can understand and respond in several languages.
What's your favorite food?,"I don't eat, but I can suggest delicious recipes for you!"
How do I lose weight?,A balanced diet and regular exercise are key. Do you want some healthy tips?
Tell me a tongue twister,Sure! How about: 'She sells seashells by the seashore.'
What is climate change?,"Climate change refers to long-term changes in temperature and weather patterns, often caused by human activities."
I need a break,Take some time to relax! Maybe a walk or listening to music will help.
What is 100 / 5?,100 divided by 5 equals 20.
Explain blockchain,Blockchain is a digital ledger where transactions are securely recorded across many computers.
Do you know Elon Musk?,"Yes, Elon Musk is an entrepreneur known for SpaceX, Tesla, and other innovative projects."
I'm hungry,Time for a snack! Do you want suggestions for something quick and tasty?
What is the tallest building?,"The tallest building in the world is the Burj Khalifa in Dubai, standing at 828 meters."
How do I meditate?,"Find a quiet place, sit comfortably, close your eyes, and focus on your breath for a few minutes."
What's your purpose?,"My purpose is to assist, inform, and entertain you whenever you need help."
Can you tell me about space?,"Space is a vast expanse beyond Earth's atmosphere, filled with stars, planets, and galaxies."
I want to learn guitar,Start with basic chords and practice daily. Do you want some beginner tips?
How do I fix my computer?,Can you describe the problem? I can guide you step by step.
What is quantum computing?,"Quantum computing uses quantum bits, or qubits, to perform complex computations faster than classical computers."
I'm bored at home,"Let's find something fun! You could try a new hobby, watch a movie, or solve puzzles."
Can you recommend a book?,Sure! What genre are you interested in?
Do you know about cryptocurrencies?,Yes! Cryptocurrencies are digital currencies like Bitcoin and Ethereum used for secure transactions.
How do I make coffee?,"Boil water, add coffee grounds, and let it brew. Add sugar or milk as you like."
What is the Pythagorean theorem?,"It states that in a right triangle, a¬≤ + b¬≤ = c¬≤, where c is the hypotenuse."
Can you help me with homework?,Of course! What subject or topic do you need help with?
I feel nervous,"Take a deep breath. Remember, it's normal to feel nervous sometimes."
What's 15 - 7?,15 minus 7 equals 8.
What is photosynthesis?,Photosynthesis is the process by which plants convert sunlight into energy.
Can you explain relativity?,Einstein's theory of relativity explains how space and time are linked and how gravity affects them.
I'm stressed,"Try some relaxation techniques like deep breathing, stretching, or listening to music."
Tell me a riddle,I speak without a mouth and hear without ears. What am I?
What is the meaning of life?,"That's a deep question! Many say it's about happiness, learning, and connecting with others."
Do you know AI art?,Yes! AI can create amazing art by learning from existing images and styles.
How do I improve memory?,"Regular exercise, proper sleep, and mental exercises like puzzles can help improve memory."
What's the biggest ocean?,The Pacific Ocean is the largest ocean on Earth.
Can you give health tips?,"Sure! Eat balanced meals, stay hydrated, exercise regularly, and get enough sleep."
What is 50 * 6?,50 times 6 equals 300.
How do I start learning AI?,"Begin with Python programming, then study machine learning basics and practice with datasets."
Do you know about climate?,Yes! Climate refers to the long-term patterns of weather in a region.
I want to be productive,"Set clear goals, take short breaks, and focus on one task at a time."
Tell me a funny story,"Once, a robot tried to make pancakes but ended up flipping them onto the ceiling! üòÇ"
What is 9 + 10?,9 plus 10 equals 19.
Do you know any quotes?,Yes! 'The only limit to our realization of tomorrow is our doubts of today.' ‚Äì Franklin D. Roosevelt
How do I stay motivated?,"Set small goals, celebrate achievements, and remind yourself why you started."
Can you help me with English?,"Absolutely! What do you want help with: grammar, vocabulary, or writing?"
I'm tired of studying,Take a short break! Even 10 minutes can help you refresh.
What is renewable energy?,"Renewable energy comes from sources that are naturally replenished, like solar, wind, and water."
Can you give a pun?,"I would tell you a construction pun, but I'm still working on it! üòÑ"
What is 7 * 8?,7 times 8 equals 56.
Do you know about robotics?,Yes! Robotics involves designing and building robots to perform tasks.
I want to travel,That sounds exciting! Where would you like to go?
How do I plant a tree?,"Dig a hole, place the sapling, cover roots with soil, water it, and care for it regularly."
Tell me a riddle,"I have branches, but no fruit, trunk or leaves. What am I?"
What is 100 - 45?,100 minus 45 equals 55.
Can you tell me a fact about animals?,Sure! Did you know that octopuses have three hearts?
How do I improve concentration?,"Minimize distractions, take short breaks, and focus on one task at a time."
I feel lonely,I understand. Talking to someone or engaging in a hobby can help. I'm here to chat too!
What is the speed of light?,"The speed of light is approximately 299,792 kilometers per second."
Do you like movies?,"I can recommend movies and discuss them, but I don't watch them myself."
How do I learn math?,"Practice regularly, understand the concepts, and solve problems step by step."
Can you tell me a motivational story?,"Once there was a small bird that couldn't fly, but it kept trying every day until one day it soared through the sky!"
What is artificial intelligence?,Artificial intelligence is when machines mimic human intelligence to perform tasks like learning and problem-solving.
I'm bored with school,"Maybe try learning something fun outside school, like coding, music, or a new hobby."
Can you recommend a recipe?,"Sure! What type of dish do you want to cook: dessert, main course, or snack?"
What is 8 + 12?,8 plus 12 equals 20.
How do I code a website?,"Start with HTML for structure, CSS for styling, and JavaScript for interactivity. I can guide you with examples."
I feel sleepy,It's important to rest. Try relaxing and getting a good night's sleep.
Do you know about planets?,"Yes! There are 8 planets in our solar system: Mercury, Venus, Earth, Mars, Jupiter, Saturn, Uranus, and Neptune."
What is the largest animal?,The blue whale is the largest animal on Earth.
Can you suggest a hobby?,"Sure! How about painting, coding, reading, or learning a musical instrument?"
Tell me an interesting fact,"Did you know that bananas are berries, but strawberries are not? üçå"
How do I improve my writing?,"Read regularly, practice writing, and revise your work for clarity and style."
What is gravity?,Gravity is a force that attracts objects toward each other keeping us grounded on Earth.
"Hi, I'm feeling anxious today.",I'm sorry to hear that. Can you tell me what's making you feel anxious?
I can't sleep well at night.,Lack of sleep can affect your mental health. Have you tried relaxation techniques before bed?
I'm feeling really sad and low.,It's okay to feel sad sometimes. Would you like to talk more about what's troubling you?
I keep worrying about everything.,Constant worry can be exhausting. Try taking deep breaths and breaking problems into smaller steps. Do you want some guided exercises?
I feel hopeless about my future.,I'm concerned about your feelings. Talking to a mental health professional could be very helpful.
I'm very stressed because of work.,Work stress can take a toll. Can we explore some stress management techniques together?
I feel lonely and isolated.,I'm here to chat with you. Sometimes sharing your feelings can lighten the burden. Would you like to talk about it?
I get panic attacks sometimes.,"Panic attacks can be frightening. Deep breathing and grounding exercises can help, but consulting a doctor is recommended if this happens often."
I feel angry for no reason.,Feeling unexplained anger can be stressful. Let's try to identify what triggers it and ways to manage it.
I have mood swings throughout the day.,Mood swings can be challenging. Tracking your moods and seeking professional guidance could be beneficial.
I don't enjoy things I used to.,Loss of interest in activities can be a sign of depression. It might help to discuss this with a mental health professional.
I feel tired all the time.,Persistent fatigue can affect mental health. Make sure to get rest and consider discussing this with your doctor.
I get anxious in social situations.,"Social anxiety is common. Gradual exposure and relaxation techniques can help, and a therapist could guide you further."
I can't focus on my work.,Difficulty focusing can be caused by stress or anxiety. Short breaks and mindfulness exercises can help improve concentration.
I feel guilty about small things.,"Feeling guilty often can be overwhelming. Talking about your feelings or journaling might help, and a counselor could provide guidance."
I have nightmares often.,Frequent nightmares can affect sleep and mood. Practicing relaxation before bed and consulting a professional may help.
I feel tense in my body.,"Physical tension is common with stress or anxiety. Gentle stretching, deep breathing, or meditation can help relieve it."
I feel overwhelmed by my responsibilities.,Feeling overwhelmed is normal sometimes. Breaking tasks into smaller steps and prioritizing can help. Would you like some strategies?
I feel hopeless about my relationships.,Relationship struggles can be difficult. Speaking with a therapist or counselor might help you navigate these feelings.
I get panic attacks at work.,I'm concerned about your safety. Please consider reaching out to a healthcare professional for support.
I feel anxious before exams.,Exam anxiety is common. Deep breathing and preparation techniques can help manage it.
I feel sad for no reason.,Unexplained sadness can happen. Sharing your feelings or speaking with a professional can provide support.
I feel disconnected from reality.,Feeling detached can be serious. I recommend reaching out to a mental health professional as soon as possible.
I cry a lot lately.,Frequent crying can indicate emotional distress. It may help to talk to a counselor or therapist.
I feel anxious about the future.,Uncertainty about the future can be stressful. Mindfulness exercises and talking to a professional can help.
I feel nervous meeting new people.,Meeting new people can be challenging. Gradual exposure and relaxation techniques may help.
I feel hopeless about my career.,Career worries can affect mental health. Talking to a career counselor or therapist might be helpful.
I have trouble making decisions.,Difficulty making decisions can be linked to stress or anxiety. Breaking down choices and discussing them may help.
I feel anxious all day.,Persistent anxiety can be exhausting. Consider relaxation techniques and possibly speaking with a mental health professional.
I feel stressed after arguments.,"Conflict can be stressful. Techniques like deep breathing or taking a break can help, and counseling can guide long-term coping."
I feel low energy and unmotivated.,"Low energy can be linked to mood issues. Gentle exercise, proper sleep, and speaking with a professional can help."
I feel nervous about talking to my boss.,Feeling nervous in authority situations is common. Preparation and stress-reduction techniques can help.
I feel tense before social events.,Pre-event anxiety is normal. Breathing exercises and gradual exposure can help manage it.
I feel sad and tearful.,Crying is a natural way to release emotions. Sharing your feelings with someone or a professional can help.
I feel anxious after news events.,News can be overwhelming. Taking breaks and grounding exercises can help manage stress.
I feel lonely during weekends.,Weekends can be tough if you're alone. Engaging in hobbies or reaching out to friends may help.
I feel guilty about my past.,Past guilt can be heavy. Talking with a therapist can provide ways to cope and move forward.
I have trouble relaxing.,Relaxation can be difficult when stressed. Guided meditation or deep breathing exercises can help.
I feel anxious about health.,Health worries can cause anxiety. Consulting a healthcare professional can provide clarity and reassurance.
I feel overwhelmed by emotions.,Strong emotions are challenging. Talking to a trusted person or counselor can help process them.
I feel nervous about public speaking.,"Public speaking anxiety is common. Practice, preparation, and breathing exercises can help."
I feel sad when alone.,"Being alone can trigger sadness. Engaging in hobbies, social activities, or talking to a professional can help."
I feel anxious during exams.,"Exam anxiety is normal. Practice, preparation, and mindfulness exercises can help manage stress."
I feel hopeless sometimes.,Feeling hopeless can be serious. Reaching out to a mental health professional is strongly recommended.
I feel stressed all the time.,Chronic stress can impact your health. Consider relaxation techniques and consulting a therapist for support.
I feel nervous about the future.,"Uncertainty can be stressful. Planning, mindfulness, and professional guidance can help manage anxiety."
I feel anxious talking to strangers.,"Social anxiety is common. Gradual exposure and relaxation techniques can help, and therapy may be beneficial."
I feel sad and withdrawn.,Withdrawal and sadness can indicate depression. Talking to a mental health professional may help you feel better.
I feel tense and irritable.,"Stress and tension can make you irritable. Deep breathing, breaks, and counseling can help manage these feelings."
